repo,pr_url,pr_number,pr_title,pr_author,pr_created_at,pr_state,trigger_type,pr_score,catch_categories,summary,evaluated_at
onyx-dot-app/onyx,https://github.com/onyx-dot-app/onyx/pull/6706,6706,refactor: Clean up message display,raunakab,2025-12-12 17:16:21,closed,new_commits,2/5,logic,"The comment identifies a specific logic bug with incorrect boolean operator precedence in error banner display logic at MessagesDisplay.tsx:310-312, which would cause error banners to never render when the last message type is 'error'. This is a real functional bug that would prevent users from seeing error messages in production.",2025-12-15 20:21:00
simstudioai/sim,https://github.com/simstudioai/sim/pull/2389,2389,fix(vm): use node child process for RCE,waleedlatif1,2025-12-15 16:41:16,closed,new_pr,2/5,runtime,"Greptile identified a critical production deployment bug where the worker file path resolves incorrectly in Docker/standalone Next.js builds, causing `import.meta.url` to point to non-existent source locations instead of the built files. This would completely break the code execution functionality in production since the child process cannot spawn with an invalid file path.",2025-12-15 18:48:31
nvidia-nemo/curator,https://github.com/NVIDIA-NeMo/Curator/pull/1307,1307,feat: Add dependabot workflow for periodic lock file updates v2,pablo-garay,2025-12-15 14:15:58,closed,new_commits,5/5,logic,"The workflow declares an output `has-changes` that references a step id `check-changes` which doesn't exist in the workflow. This will cause the output to be empty/undefined, breaking any downstream jobs that depend on this value to determine whether to proceed with creating a PR or other actions.",2025-12-15 18:48:31
ever-works/ever-works-website-template,https://github.com/ever-works/ever-works-website-template/pull/408,408,"Revert ""feat: add trial amount configuration for Polar checkout""",Innocent-Akim,2025-12-15 16:28:34,closed,new_pr,1/5,logic,The comment identifies that this revert accidentally removes critical bug fixes including JSON parse error handling (causing 500 instead of 400 errors) and AbortError handling logic that distinguishes timeouts from cancellations. These are real logic errors that will cause production issues with incorrect error responses and improper timeout handling.,2025-12-15 18:48:31
veda-labs/boring-vault,https://github.com/Veda-Labs/boring-vault/pull/560,560,Pass array of assets for USR resolv leafs,Zokunei,2025-12-15 15:25:45,open,new_commits,0/5,runtime,"Greptile identified two critical bugs: (1) a breaking API change where a required parameter was added to a function but 7+ call sites weren't updated, causing compilation failures, and (2) unsafe `symbol()` calls on ERC20 tokens that will cause runtime reverts for non-standard tokens that don't implement this optional method.",2025-12-16 18:47:24
raycast/extensions,https://github.com/raycast/extensions/pull/23690,23690,Update eagle extension,0xdhrv,2025-12-15 19:37:57,open,new_commits,1/5,logic,"The comment identifies a logic error where file existence checks incorrectly return true for 'isEagleRunning()' when the file exists on disk, even if the application isn't actually running. This would cause the extension to fail silently when Eagle is installed but not running, bypassing API connectivity checks and producing incorrect behavior.",2025-12-15 22:13:04
raycast/extensions,https://github.com/raycast/extensions/pull/23691,23691,Update lorem-ipsum extension,0xdhrv,2025-12-15 19:50:17,closed,new_commits,0/5,runtime,Greptile identified a typo in an AI model enum name (`OpenAI_GPT-5_mini` instead of `OpenAI_GPT5-mini`) that would cause runtime errors and prevent the AI generation feature from working entirely when users try to invoke that model.,2025-12-16 00:13:24
reflex-dev/reflex,https://github.com/reflex-dev/reflex/pull/6049,6049,Only fetch required linked states,masenf,2025-12-15 19:06:27,open,new_pr,1/5,runtime,"Greptile identified a critical runtime bug where `_get_state_from_redis` calls `_internal_patch_linked_state` without the required context attributes (`_exit_stack` and `_held_locks`), causing the application to crash with a `ReflexRuntimeError` when accessing linked states outside of the `_modify_linked_states` context.",2025-12-15 20:21:00
simstudioai/sim,https://github.com/simstudioai/sim/pull/2194,2194,chore(deps): bump the npm_and_yarn group across 3 directories with 4 updates,dependabot[bot],2025-12-04 13:31:34,open,new_commits,0/5,logic,"Version mismatch between package.json overrides (15.4.8) and Dependabot's intended update (16.0.7) will cause the upgrade to be silently ignored, potentially leaving security vulnerabilities unpatched or causing unexpected behavior when dependencies expect different Next.js versions.",2025-12-15 22:13:04
eventual-inc/daft,https://github.com/Eventual-Inc/Daft/pull/5738,5738,feat(functions): add shell_op for distributed shell execution,huleilei,2025-12-02 23:52:48,open,new_commits,1/5,runtime,"The review identifies two concrete runtime bugs: (1) using `check=True` in subprocess.run causes CalledProcessError exceptions that bypass the intended `on_error` parameter handling, and (2) uncaught ValueError exceptions from type conversions (int(), float()) will cause UDF failures. Both will cause unexpected runtime crashes in common usage scenarios.",2025-12-15 22:13:04
elephant-xyz/counties-trasform-scripts,https://github.com/elephant-xyz/Counties-trasform-scripts/pull/487,487,Update hernando transform scripts,movsiienko,2025-12-15 20:28:32,closed,new_pr,2/5,logic,"The comment identifies two meaningful bugs: (1) invalid space_type values that will cause validation errors at runtime, and (2) a loop increment bug in scrubPersonalName that causes tokens to be skipped, producing incorrect parsed owner names. Both are logic errors that will produce wrong results or runtime failures.",2025-12-15 22:13:04
raycast/extensions,https://github.com/raycast/extensions/pull/23617,23617,Update rdw-kentekencheck extension,j3lte,2025-12-12 14:04:15,closed,new_commits,3/5,runtime,"A trailing comma in tsconfig.json is a JSON syntax error that will cause JSON parsing to fail and prevent the TypeScript project from compiling, blocking the build process entirely.",2025-12-16 00:13:24
simstudioai/sim,https://github.com/simstudioai/sim/pull/2399,2399,Feature service now,Pbonmars-20031006,2025-12-15 22:08:32,closed,new_pr,1/5,runtime,"Greptile caught a critical OAuth authentication bug in the ServiceNow feature implementation. The OAuth credential field is commented out and 3 out of 5 operations (read/update/delete) are missing OAuth support, which will cause runtime failures for any users who select OAuth authentication despite it being offered in the UI.",2025-12-16 00:13:24
ever-works/ever-works-website-template,https://github.com/ever-works/ever-works-website-template/pull/409,409,Fix/i18n settings pages translations,Innocent-Akim,2025-12-15 23:44:33,closed,new_commits,1/5,runtime,"The comment identifies two concrete bugs: (1) translation keys using wrong paths (missing 'FORM.' prefix) which will cause 11 form labels/placeholders to display broken/missing text, and (2) invalid CSS class 'bg-linear-to-br' that will cause gradients to not render. Both are functional bugs that will visibly break the UI.",2025-12-16 02:15:34
openobserve/openobserve,https://github.com/openobserve/openobserve/pull/9236,9236,refactor: file list dump and stream stats,YashodhanJoshi1,2025-11-21 02:52:56,closed,new_commits,3/5,runtime,"The overview identifies multiple critical bugs: a potential panic from calling unwrap() after is_none() check at dump.rs:271, job status not being updated when dump file generation fails (leaving jobs stuck indefinitely), and multiple panic-prone .expect() calls in database operations that could cause runtime crashes with malformed data.",2025-12-16 18:47:24
eventual-inc/daft,https://github.com/Eventual-Inc/Daft/pull/5418,5418,feat(io): add ignore error for Parquet/CSV/lance/iceberg;,Jay-ju,2025-10-17 23:52:23,open,new_commits,4/5,runtime,"The comment identifies a Python syntax error due to incorrect indentation in `daft/io/iceberg/iceberg_scan.py:229` that will cause a parse failure, preventing any Iceberg functionality from working. This is a legitimate runtime error that will crash the code.",2025-12-17 08:17:33
elephant-xyz/counties-trasform-scripts,https://github.com/elephant-xyz/Counties-trasform-scripts/pull/504,504,Update alachua transform scripts,movsiienko,2025-12-16 01:52:08,closed,new_pr,2/5,data_integrity,"The comment identifies a logic error where completion_date is incorrectly set to permitIssueDate for completed permits. This will cause data corruption by recording when permits were issued rather than when work was actually completed, which are fundamentally different dates that affect data accuracy for all completed permits.",2025-12-16 02:15:34
elephant-xyz/counties-trasform-scripts,https://github.com/elephant-xyz/Counties-trasform-scripts/pull/500,500,Update sarasota transform scripts,movsiienko,2025-12-16 01:15:01,open,new_commits,3/5,runtime,"Greptile identified critical runtime bugs where `.match()[0]` calls in the data extractor will crash the application with TypeError when regex patterns don't match, since `.match()` returns null and accessing `[0]` on null throws an error. Additionally, a duplicate property definition was found that could cause silent data overwrites.",2025-12-16 04:15:05
nvidia/cloudai,https://github.com/NVIDIA/cloudai/pull/749,749,Update documentation on Dynamo k8s multi node,amaslenn,2025-12-16 00:42:32,closed,new_pr,2/5,logic,"The comment identifies a logic error where backward compatibility code has a flaw that prevents v0.7.x label detection from working correctly - specifically mentioning that a return statement prevents the second label check from ever executing, making v0.7.x label detection unreachable. This would cause the feature to fail for v0.7.x users.",2025-12-16 02:15:34
nvidia-nemo/guardrails,https://github.com/NVIDIA-NeMo/Guardrails/pull/1546,1546,feat: Update Trend Micro Vision One AI Guard official endpoint,trend-anurag-das,2025-12-16 02:09:05,open,new_pr,1/5,runtime,"Greptile caught a critical runtime bug where `actions.py` references an undefined class `GuardrailRequest` instead of the existing `Guard` class, which will cause a `NameError` and completely break the functionality. Additionally, there are YAML syntax issues that could cause configuration parsing failures at runtime.",2025-12-16 04:15:05
elephant-xyz/counties-trasform-scripts,https://github.com/elephant-xyz/Counties-trasform-scripts/pull/513,513,Update seminole transform scripts,movsiienko,2025-12-16 03:23:30,closed,new_pr,0/5,runtime,"Greptile caught a critical runtime bug where `isValidName()` function is called but never defined or imported, which will cause the transform scripts to crash with a ReferenceError. Additionally, there's a variable shadowing issue that breaks the validation logic, potentially causing incorrect data acceptance/rejection.",2025-12-16 04:15:05
run-ai/runai-model-streamer,https://github.com/run-ai/runai-model-streamer/pull/113,113,A,omer-dayan,2025-12-16 04:01:15,closed,new_pr,2/5,logic,"Greptile identified a critical logic bug where the `__request_in_progress` flag remains stuck at `true` after completing multi-file requests, preventing any subsequent requests from being processed and effectively breaking the API's functionality.",2025-12-16 04:15:05
ever-co/ever-gauzy,https://github.com/ever-co/ever-gauzy/pull/9269,9269,Stage,evereq,2025-12-16 04:05:48,closed,new_pr,1/5,runtime,"Greptile identified a critical regression where changes to the postinstall script will cause native modules like bcrypt and better-sqlite3 to fail rebuilding properly in Docker containers. The script incorrectly runs `yarn add` from inside node_modules directories and removes explicit rebuild commands, which will lead to runtime crashes when the application tries to use these native dependencies for password hashing and database operations.",2025-12-16 06:15:18
nvidia/dali,https://github.com/NVIDIA/DALI/pull/6108,6108,Torchvision objective API PoC,mdabek-nvidia,2025-12-04 02:52:16,closed,new_commits,2/5,"logic, runtime","Greptile caught several critical bugs in this Torchvision API implementation: a syntax error with misplaced parentheses that causes runtime TypeErrors, hardcoded 'cpu' device usage that prevents GPU execution, and unreachable code due to premature return statements that breaks padding functionality. These issues would prevent the feature from working correctly and make GPU acceleration impossible.",2025-12-16 08:14:38
gptme/gptme,https://github.com/gptme/gptme/pull/960,960,feat(models): add ollama/local model discovery to /model command,TimeToBuildBob,2025-12-16 05:12:40,closed,new_pr,5/5,logic,"The comment identifies a real logic bug where the new feature won't work because the routing layer in llm/__init__.py wasn't updated to handle the 'local' provider, causing a ValueError to be raised before the new implementation can be reached. This means the entire feature is broken and won't function as intended.",2025-12-16 06:15:18
maji-studio/varuna-carbon-dmrv,https://github.com/Maji-Studio/varuna-carbon-dmrv/pull/21,21,"feat: implement comprehensive feedstock delivery management by introducing new forms, actions, and database schema; enhance data entry UI with vehicle integration, improved validation, and auto-calculation features for better user experience",Kenji-Nguyen,2025-12-16 07:25:02,closed,new_pr,2/5,runtime,"Greptile caught a critical import error where 6 action files are trying to import a non-existent `refresh` function from `next/cache`, which will cause build failures and prevent the feedstock delivery actions from working. The correct Next.js cache functions are `revalidatePath()` and `revalidateTag()`.",2025-12-16 08:14:38
elephant-xyz/elephant-cli,https://github.com/elephant-xyz/elephant-cli/pull/233,233,fix: false error from address if property validation failed,AyaMoustafaFahmy,2025-12-16 07:47:05,closed,new_pr,5/5,logic,"Greptile caught a critical mismatch where the tests were updated to expect `/to` path checking to distinguish between address entity errors and property validation errors, but the actual implementation code wasn't updated accordingly. This means the bug fix described in the PR title wasn't actually implemented in the production code, leaving the original logic error that incorrectly consolidates validation errors.",2025-12-16 08:14:38
nvidia-holoscan/holohub,https://github.com/nvidia-holoscan/holohub/pull/1298,1298,Upgrade ANO GPUNetIO manager to DOCA 3.2,e-ago,2025-12-12 01:28:26,closed,new_commits,3/5,runtime,"Comment #7 identifies an undeclared variable 'flow_queue_id' that will cause a compilation error, preventing the code from building. Comment #3 also identifies a potential issue with duplicate package installation that could cause build problems.",2025-12-16 10:16:35
openreplay/openreplay,https://github.com/openreplay/openreplay/pull/4084,4084,dev,tahayk,2025-12-16 09:53:28,closed,new_pr,3/5,logic,"This summary contains multiple meaningful bugs: SQL syntax errors with sumMerge()/OVER(), logic errors checking wrong tuple indices for property validation, and incorrect column value mappings (using 'referrer' for utm_source/utm_medium/utm_campaign). These could cause runtime SQL errors, data corruption, and wrong analytics results.",2025-12-16 10:16:35
openreplay/openreplay,https://github.com/openreplay/openreplay/pull/4081,4081,ui: add sampling ui,nick-delirium,2025-12-16 09:07:01,closed,new_commits,1/5,logic,"The abort signal parameter is accepted but never passed to the underlying fetch() calls in the HTTP methods, completely breaking the abort functionality that is the core feature of this PR. This means request cancellation won't work and the sampling feature will be non-functional.",2025-12-17 10:16:36
maji-studio/varuna-carbon-dmrv,https://github.com/Maji-Studio/varuna-carbon-dmrv/pull/22,22,Staging,Kenji-Nguyen,2025-12-16 09:02:53,closed,new_pr,3/5,"runtime, data_integrity","Greptile identified critical database migration issues where empty migration snapshot files (0001 and 0002) will cause deployment failures and potential schema drift in production. Additionally, it caught data integrity problems including disconnected PLC file upload state that isn't persisted and conflicting form states that could lead to data inconsistencies during submission.",2025-12-16 10:16:35
browseros-ai/browseros,https://github.com/browseros-ai/BrowserOS/pull/243,243,fix(packaging): Correctly enable SUID sandbox for .deb,shan-qayyum,2025-12-16 08:14:01,open,new_pr,0/5,"security, runtime","Greptile caught a critical Python indentation error that would prevent the packaging module from loading, and inconsistent GN flag names between debug/release builds that could cause the SUID sandbox to fail to enable properly. These issues would break the packaging functionality entirely and potentially leave the application running without proper sandboxing security.",2025-12-16 10:16:35
raycast/extensions,https://github.com/raycast/extensions/pull/23713,23713,[Home Assistant] History of sensor data when viewing attributes,techmaved,2025-12-16 11:02:31,open,new_commits,,"runtime, logic","Greptile caught a critical React hooks violation where a component was called as a function instead of JSX, which would break hook tracking at runtime. Also identified a missing cleanup function for subscription handling that would cause memory leaks.",2025-12-17 19:06:13
simstudioai/sim,https://github.com/simstudioai/sim/pull/2404,2404,feat(service-now): added service now block,emir-karabeg,2025-12-16 10:37:00,closed,new_commits,1/5,"logic, runtime","Greptile caught a critical bug where adding the ServiceNow block accidentally removed 4 existing blocks (schedule, search, sendgrid, sentry) from the registry and their imports. This would cause runtime failures and break existing workflows that depend on these blocks.",2025-12-16 22:11:41
simstudioai/sim,https://github.com/simstudioai/sim/pull/2403,2403,feat(service-now): added service now block,Pbonmars-20031006,2025-12-16 10:13:49,closed,new_pr,3/5,security,"The comment identifies that user-provided credentials (username/password) are using 'hidden' visibility instead of 'user-only' visibility, which violates security patterns. This could potentially expose user credentials inappropriately or bypass proper credential handling, making it a security concern.",2025-12-16 12:14:31
greptileai/react-mirror,https://github.com/greptileai/react-mirror/pull/258,258,Fix cyclic thenable detection for multi-node cycles (#35368),everettbu,2025-12-16 11:42:14,closed,new_pr,0/5,logic,"Greptile identified that essential case handlers (PENDING, BLOCKED, and default states) were completely removed from a switch statement and replaced with just a comment, which breaks promise resolution entirely for non-initialized chunks and causes .then() callbacks to fail silently instead of being properly queued or rejected.",2025-12-16 12:14:31
eventual-inc/daft,https://github.com/Eventual-Inc/Daft/pull/5826,5826,refactor(arrow2): replace arrow2 offsets with arrow offsets,universalmind303,2025-12-16 11:10:56,open,new_pr,0/5,"runtime, logic","Greptile caught several critical bugs in this arrow2 refactor: unimplemented `todo!()` macros that will cause runtime panics during list operations, and incorrect offset calculations that always set list lengths to 1 element (using `end = start + 1` instead of proper offset lookups), which would cause severe data corruption and loss when working with lists containing multiple elements.",2025-12-16 12:14:31
ethyca/fides,https://github.com/ethyca/fides/pull/7111,7111,ENG-2210: Relax style-src rules and img-src rules,tvandort,2025-12-11 13:34:23,open,new_commits,2/5,security,The comment identifies a significant security regression - removing nonce-based XSS protection by allowing 'unsafe-inline' styles and enabling image loading from any domain with wildcard '*' in img-src. These CSP relaxations create real XSS vulnerabilities and tracking/data exfiltration risks.,2025-12-16 12:14:31
workos/authkit-tanstack-start,https://github.com/workos/authkit-tanstack-start/pull/32,32,v0.3.1,nicknisi,2025-12-16 10:35:58,closed,new_pr,0/5,logic,"Greptile identified a critical release management bug where version 0.3.1 claims to include a CORS fix in its changelog, but the actual code changes from the fix (PR #31) are missing from the release branch. This would mislead users into upgrading expecting the CORS issue to be resolved when it actually isn't fixed.",2025-12-16 12:14:31
onyx-dot-app/onyx,https://github.com/onyx-dot-app/onyx/pull/6779,6779,feat: parallel tool calling,yuhongsun96,2025-12-16 13:39:28,closed,new_pr,3/5,runtime,"The comment identifies a tuple unpacking bug where `run_llm_step` returns `tuple[LlmStepResult, int]` but only a single value is unpacked at line 463, which will cause immediate TypeErrors at runtime and prevent the feature from working.",2025-12-16 14:15:44
nvidia/fuser,https://github.com/NVIDIA/Fuser/pull/5688,5688,Fusion / IR Container composition pattern,mdavis36,2025-12-16 13:51:03,open,new_pr,3/5,logic,"The comment identifies a type-checking logic error in Statement::kernel() where fusion->isA<kir::Kernel>() will always fail because Kernel inherits from Fusion, not IrContainer. This would cause kernel-related functionality to break at runtime, producing wrong results or crashes.",2025-12-16 14:15:44
nvidia/nvflare,https://github.com/NVIDIA/NVFlare/pull/3890,3890,FOX API,yanchengnv,2025-12-11 15:07:21,open,new_commits,,"concurrency, security, logic","Greptile caught multiple concurrency issues including race conditions in the group call context's item counting and abort signal checking, plus a logic bug where constructor parameters are silently overwritten.",2025-12-17 19:07:10
nvidia-nemo/curator,https://github.com/NVIDIA-NeMo/Curator/pull/1303,1303,feat: add install-test,pablo-garay,2025-12-13 09:01:38,open,new_commits,3/5,runtime,"Greptile identified two critical runtime issues in the Docker-based installation test: Python 3.10 is unavailable in Ubuntu 24.04's default repositories (causing build failures), and `uv sync` installs packages to a virtual environment that isn't accessible to subsequent `python` commands, leading to import failures during verification tests.",2025-12-16 14:15:44
veda-labs/boring-vault,https://github.com/Veda-Labs/boring-vault/pull/562,562,AAVE horizon borrow update + update resolv signature,solipsis,2025-12-16 12:25:09,closed,new_pr,3/5,runtime,"Invalid Solidity syntax ('XXX:') would cause compilation failure, preventing the contract from being deployed. This is a clear runtime/build error that blocks functionality.",2025-12-16 14:15:44
elephant-xyz/counties-trasform-scripts,https://github.com/elephant-xyz/Counties-trasform-scripts/pull/532,532,Update pasco transform scripts,movsiienko,2025-12-16 12:57:20,closed,new_pr,2/5,runtime,"The comment identifies that `propSeed` properties are accessed without null checks in multiple places (lines 1729-1754), which would cause TypeError runtime crashes if `propSeed` is null/undefined. This is inconsistent with other parts of the same code that do check for null, indicating it's likely an oversight that will cause production failures.",2025-12-16 14:15:44
ethyca/fides,https://github.com/ethyca/fides/pull/7139,7139,Extending read-only DB configuration,galvana,2025-12-16 14:54:48,closed,new_pr,2/5,logic,"The password double-escaping bug is a meaningful logic error - when the readonly_password falls back to the primary password field which already has quote_plus() escaping applied, and then gets escaped again in the URI builder, this will cause authentication failures for passwords containing special characters. This is a real bug that would cause runtime connection failures.",2025-12-16 16:24:41
nvidia/nvflare,https://github.com/NVIDIA/NVFlare/pull/3897,3897,[2.7] Allow one project admin,IsaacYangSLA,2025-12-16 15:20:04,closed,new_pr,1/5,security,"Greptile identified a critical security bypass where the PR's ""only one project admin"" restriction can be circumvented through the `patch_user_by_project_admin()` function, which lacks the same role validation as other methods. This allows existing admins to create additional project admins, completely defeating the intended security control.",2025-12-16 16:24:41
ever-works/ever-works-website-template,https://github.com/ever-works/ever-works-website-template/pull/412,412,Feat/single collection page directory browsing,joel-kalema,2025-12-16 13:32:13,open,new_commits,4/5,logic,"Greptile caught a critical logic error where the collection detail page displays all items from the database instead of filtering items by the specific collection ID. This means users visiting any collection page would see items from all collections rather than just the items belonging to that particular collection, breaking the core functionality of the feature.",2025-12-16 16:24:41
kafkasportal/git,https://github.com/Kafkasportal/git/pull/71,71,Implement 2FA data persistence in user preferences,Kafkasportal,2025-12-16 16:05:42,closed,new_pr,1/5,"logic, security","Greptile identified critical security vulnerabilities in the 2FA implementation where sensitive data (2FA secrets and recovery codes) is only base64 encoded rather than properly encrypted, and the system falls back to a hardcoded ""default-key"" when no encryption key is set. Additionally, there's a logic bug where the 2FA enabled flag is stored as a string but expected as a boolean, which could cause authentication failures or bypasses.",2025-12-16 16:24:41
onyx-dot-app/onyx,https://github.com/onyx-dot-app/onyx/pull/6797,6797,feat: enable skip clarification,yuhongsun96,2025-12-16 18:19:58,closed,new_pr,2/5,logic,"Greptile caught a critical logic flaw where setting `skip_clarification=True` causes the `run_deep_research_llm_loop()` function to return immediately without processing, resulting in no output being produced after users respond to clarification questions. This breaks the core deep research workflow and renders the feature completely non-functional in certain flows.",2025-12-16 18:47:24
nvidia/transformerengine,https://github.com/NVIDIA/TransformerEngine/pull/2443,2443,[Common] Comm+GEMM overlap API updated to support cuBlasMp backend (incl. framework API),denera,2025-12-02 11:47:14,open,new_commits,4/5,"runtime, logic","Greptile identified critical runtime bugs in the cuBlasMp backend implementation, including a null pointer dereference where `_cublasmp_ctx` is never assigned its return value and an uninitialized `_tp_size` variable being used in methods. These issues, along with invalid reinterpret_cast operations and constructor parameter mismatches, would cause immediate crashes and incorrect distributed computing behavior when using the cuBlasMp backend.",2025-12-16 18:47:24
nvidia/transformerengine,https://github.com/NVIDIA/TransformerEngine/pull/2523,2523,[JAX] Fix incorrect calculation of segment pos from segment ids ,KshitijLakhani,2025-12-16 15:12:00,open,new_commits,4/5,runtime,"Greptile caught a critical NameError bug where variables `q_seg_ids` and `kv_seg_ids` are used before being defined, which would cause an immediate runtime crash when `segment_pos=None` is used with BSHD layouts. This prevents a core use case that the PR was intended to support from functioning at all.",2025-12-16 18:47:24
eventual-inc/daft,https://github.com/Eventual-Inc/Daft/pull/5829,5829,fix: Check if deletion vector propagation is supported in deltalake,cckellogg,2025-12-16 17:06:18,open,new_commits,0/5,"runtime, logic","Greptile caught two critical bugs in the Delta Lake deletion vector support code: calling `metadata()` twice (which causes a TypeError since the first call returns data, not a callable), and incorrectly treating the string configuration value ""false"" as truthy when checking if deletion vectors are enabled. These bugs would cause runtime crashes and incorrect deletion vector handling logic.",2025-12-16 20:22:38
nvidia/nvflare,https://github.com/NVIDIA/NVFlare/pull/3882,3882,Refactor ml-to-fl examples,YuanTingHsieh,2025-12-08 17:34:39,closed,new_commits,5/5,runtime,"Greptile caught multiple runtime errors that would cause crashes, including calls to non-existent methods like `export_job()` instead of `export()`, undefined variables with naming inconsistencies (e.g., `trainloader` vs `train_loader`, `transforms` vs `transform`), and missing imports. These issues would result in AttributeError and NameError exceptions when the code is executed.",2025-12-16 18:47:24
reflex-dev/reflex-web,https://github.com/reflex-dev/reflex-web/pull/1714,1714,fix use case page,tgberkeley,2025-12-16 16:13:21,closed,new_pr,0/5,runtime,Greptile caught a critical runtime error where the `image_zoom` import was removed but the function is still being used in 3 places throughout the file. This would cause a NameError and prevent the page from rendering properly.,2025-12-16 18:47:24
onyx-dot-app/onyx,https://github.com/onyx-dot-app/onyx/pull/6801,6801,feat: Deep Research first couple stages,yuhongsun96,2025-12-16 19:37:32,closed,new_pr,0/5,logic,"Greptile identified critical logic bugs that would cause the Deep Research feature to completely fail: the code creates filtered tools and a research generator but never assigns/consumes them, and passes empty tool definitions when the orchestrator expects specific tools to function. These fundamental errors mean the research execution wouldn't actually run, causing silent failures.",2025-12-16 20:22:38
onyx-dot-app/onyx,https://github.com/onyx-dot-app/onyx/pull/6799,6799,refactor: drive connector,evan-onyx,2025-12-16 18:36:26,open,new_pr,0/5,runtime,"Greptile caught a critical import error where the code imports and inherits from a non-existent class `ResolveCheckpointConnector`, which would cause an ImportError at runtime and completely prevent the drive connector from loading or functioning.",2025-12-16 20:22:38
nvidia-nemo/curator,https://github.com/NVIDIA-NeMo/Curator/pull/1325,1325,Image Writer collision warning,huvunvidia,2025-12-16 19:49:07,closed,new_pr,4/5,data_integrity,"The code change removes protection against overwriting existing parquet files containing important metadata (aesthetic scores, NSFW scores, etc.). This is a deliberate change from raising an error to silently overwriting, which could lead to loss of previously computed processing information.",2025-12-16 20:22:38
browseros-ai/browseros-server,https://github.com/browseros-ai/BrowserOS-server/pull/101,101,feat: add rate limiter,felarof99,2025-12-16 18:46:45,closed,new_pr,2/5,concurrency,"The race condition between check() and record() operations allows concurrent requests to bypass the rate limit - if 3 requests arrive simultaneously when count is 2, all can pass the check before any records are written, allowing users to exceed the limit.",2025-12-16 20:22:38
browseros-ai/browseros-server,https://github.com/browseros-ai/BrowserOS-server/pull/100,100,feat: add rate limiter,felarof99,2025-12-16 18:42:13,closed,new_pr,2/5,concurrency,The comment identifies a race condition between check() and record() that allows concurrent requests to bypass the rate limit - this is a fundamental security/logic flaw that makes the rate limiting mechanism ineffective. Additionally identifies data integrity issues with INSERT OR IGNORE silently failing on duplicates.,2025-12-16 20:22:38
emerge-lab/pufferdrive,https://github.com/Emerge-Lab/PufferDrive/pull/186,186,Fix goal resampling in Carla maps and make metrics suitable for resampling in longer episodes,daphne-cornelisse,2025-12-16 16:20:41,open,new_commits,2/5,logic,"The comment identifies two concrete logic bugs: integer division causing frac_goals_reached to always be 0 or 1 instead of proper fractions, and collision events being tracked under the wrong metric (offroad instead of collisions). Both would produce incorrect results in the metrics system.",2025-12-17 12:15:50
openobserve/openobserve,https://github.com/openobserve/openobserve/pull/9665,9665,fix: pipeline/alert history and trigger schema merge,uddhavdave,2025-12-17 03:17:43,closed,new_commits,1/5,security,"SQL injection vulnerability where user-supplied alert_id is directly interpolated into SQL query without escaping. The original code used escape_like() for this purpose, and removing it creates a security vulnerability that could allow attackers to manipulate SQL queries.",2025-12-17 08:17:33
isaac-sim/isaaclab,https://github.com/isaac-sim/IsaacLab/pull/3760,3760,"Add multirotor/thruster actuator, multirotor asset and manager-based ARL drone task",grzemal,2025-10-18 08:04:44,open,new_commits,2/5,"logic, runtime","Greptile caught several critical runtime bugs in this multirotor/drone implementation: missing `@configclass` decorator causing instantiation failures, undefined variables (`thrust_const`) when `cfg.use_rps=False` leading to AttributeError crashes, and improper data structure replacement that discards parent class buffers breaking core articulation functionality. Additionally, it found logic issues like hardcoded command ranges of (0.0, 0.0) that would make RL training completely ineffective since the drone would never learn to reach different goals.",2025-12-17 04:25:18
nvidia/dali,https://github.com/NVIDIA/DALI/pull/6139,6139,Torchvision objective API,mdabek-nvidia,2025-12-17 02:20:11,open,new_pr,3/5,logic,"This comment contains multiple issues. Items 4 and 6 identify real logic bugs: a parentheses mismatch causing wrong arguments to be passed to functions, and a contradictory condition that will never be false. These are meaningful bugs that would cause incorrect behavior or runtime errors.",2025-12-17 04:25:18
elephant-xyz/counties-trasform-scripts,https://github.com/elephant-xyz/Counties-trasform-scripts/pull/554,554,Update okeechobee transform scripts,movsiienko,2025-12-17 03:28:20,closed,new_pr,3/5,runtime,"The comment identifies multiple real bugs: module-level file I/O that will crash if the file is missing, Node.js version incompatibility with replaceAll(), and an unused function call that suggests broken logic. These are concrete runtime issues that could cause failures in production.",2025-12-17 04:25:18
useautumn/autumn,https://github.com/useautumn/autumn/pull/467,467,dev,johnyeocx,2025-12-17 03:12:40,closed,new_pr,3/5,"logic, runtime",Greptile caught a critical pagination bug where the code incorrectly passes a boolean value (`hasNextCursor`) to the `encodeCursor` function instead of the expected object (`lastEvent`) with `timestamp` and `id` properties. This would cause runtime errors and completely break pagination functionality when there are more results to fetch.,2025-12-17 04:25:18
useautumn/autumn,https://github.com/useautumn/autumn/pull/468,468,fix: balances update model,johnyeocx,2025-12-17 03:15:24,closed,new_pr,0/5,logic,"Greptile identified a critical bug where the `granted_balance` field was removed from the Zod validation schema but the handler code still references `body.granted_balance`, causing the granted balance update functionality to be completely broken since the field will never pass validation and always be undefined.",2025-12-17 04:25:18
paid-ai/paid-node,https://github.com/paid-ai/paid-node/pull/46,46,":herb: Fern Regeneration -- December 17, 2025",fern-api[bot],2025-12-17 03:55:12,closed,new_pr,2/5,logic,"The comment identifies a significant breaking change where the version is being downgraded from 0.6.0 to 0.4.2, removing integration modules (OpenAI, Anthropic, Mistral, LangChain, Vercel, NextJS) that existing SDK consumers may depend on. This could cause runtime errors for users who upgrade and rely on these removed features.",2025-12-17 04:25:18
paid-ai/paid-node,https://github.com/paid-ai/paid-node/pull/45,45,":herb: Fern Regeneration -- December 17, 2025",fern-api[bot],2025-12-17 02:30:10,closed,new_pr,0/5,runtime,"Greptile identified breaking changes in this SDK regeneration that will cause runtime failures for existing users. The PR removes critical exported symbols and integration endpoints that users are likely importing, and downgrades the version from 0.6.0 to 0.4.2, suggesting an unintentional regression that could crash applications upon upgrade.",2025-12-17 04:25:18
raycast/extensions,https://github.com/raycast/extensions/pull/23735,23735,Update awork extension,Malte-Hypercode,2025-12-17 03:32:47,closed,new_commits,5/5,logic,"The comment identifies two meaningful bugs: 1) Using taskId as a search parameter searches by name instead of ID, causing incorrect task lookups and likely failures. 2) An extra space in the query string parameter will cause malformed API requests. Both are logic/runtime errors that will produce wrong results or failures.",2025-12-17 06:13:00
infisical/infisical,https://github.com/Infisical/infisical/pull/5060,5060,improvement(cdn): enhance Content Security Policy by injecting CDN host into directives,victorvhs017,2025-12-17 05:54:42,closed,new_commits,1/5,"logic, security","Greptile identified a critical CSP configuration bug where duplicate `connect-src` directives cause browsers to silently ignore the second one, blocking legitimate external connections like Intercom WebSocket, Heroku API, and Stripe checkout. Additionally, the `media-src` directive is no longer receiving CDN host injection, which would break media asset loading from the CDN.",2025-12-17 08:17:33
nvidia/dali,https://github.com/NVIDIA/DALI/pull/6124,6124,Support asynchronous execution in dynamic mode.,rostan-t,2025-12-09 06:54:57,open,new_commits,3/5,"runtime, logic","Greptile identified two critical issues: an unused import that references a deleted class (TLSDict) which will cause the module to fail loading with an ImportError, and dangerous default mutable arguments (list/dict) that create shared state between function calls, leading to potential data corruption and unpredictable behavior.",2025-12-17 06:13:00
constellation-labs/tessellation,https://github.com/Constellation-Labs/tessellation/pull/1384,1384,"feat: adding update to mpt to change only the updated fields, instead of the entire state",marcus-girolneto,2025-12-17 05:36:48,open,new_commits,3/5,logic,"The code tracks balance deltas using `expiredBalance` instead of `finalBalance`, which means the delta calculation excludes the effects of token unlocks. This would result in incorrect state tracking where the reported changes don't match the actual final balance changes, potentially causing data inconsistency in the MPT updates.",2025-12-17 08:17:33
openobserve/openobserve,https://github.com/openobserve/openobserve/pull/9675,9675,fix: Issue 9646 promql streaming 0.30.0,bjp232004,2025-12-17 07:22:30,open,new_pr,2/5,performance,"The comment identifies a significant performance regression where parallel query execution was replaced with sequential execution, causing dashboard load times to increase linearly with the number of queries. This is a meaningful performance issue that would significantly impact users with multi-query dashboards.",2025-12-17 08:17:33
nvidia/dali,https://github.com/NVIDIA/DALI/pull/6136,6136,Add experimental Python 3.14 support and remove Python 3.9,JanuszL,2025-12-16 22:25:33,open,new_commits,2/5,runtime,"Greptile caught a critical shell script bug where `rm -rf *` deletes all files in a directory and then immediately tries to `cd Python*` into the now-deleted Python directory, causing Docker build failures for Python 3.13+ on aarch64 architecture.",2025-12-17 08:17:33
gptme/gptme,https://github.com/gptme/gptme/pull/962,962,"feat(subagent): add Phase 1 async enhancements (subprocess mode, callbacks, batch)",TimeToBuildBob,2025-12-17 06:12:30,open,new_commits,2/5,runtime,"Greptile caught a critical runtime bug where the Planner mode will crash when creating Subagent objects because it's missing required dataclass fields that were added in recent changes. This would cause TypeErrors during instantiation, breaking the planner functionality entirely.",2025-12-17 10:16:36
ethyca/fides,https://github.com/ethyca/fides/pull/7138,7138,Add sorting to new privacy request dashboard,jpople,2025-12-16 14:39:41,closed,new_commits,1/5,logic,"The comment identifies a logic bug where sort direction mappings are inverted - 'newest' maps to ASC instead of DESC, causing sorting to work backwards from user expectations. This is a functional bug that produces wrong results and would confuse users.",2025-12-17 10:16:36
nvidia/nvflare,https://github.com/NVIDIA/NVFlare/pull/3899,3899,[2.7] Remove overseer codes,IsaacYangSLA,2025-12-17 08:49:10,open,new_pr,2/5,runtime,"Greptile caught a breaking import error where `tests/integration_test/src/oa_laucher.py` still imports the deleted `HttpOverseerAgent`, which will cause runtime failures when tests run. Additionally, hardcoding `ha_mode = False` disables high availability snapshot persistence features, potentially leading to data loss during failover scenarios.",2025-12-17 10:16:36
nvidia/nvflare,https://github.com/NVIDIA/NVFlare/pull/3898,3898,Remove overseer codes,IsaacYangSLA,2025-12-17 08:46:21,open,new_pr,2/5,runtime,"Greptile caught that the PR incompletely removes overseer code, leaving dangling imports and references to deleted modules (like HttpOverseerAgent) in integration tests and utilities. This will cause ImportError crashes and test failures when those code paths are executed.",2025-12-17 10:16:36
mellanox/libxlio,https://github.com/Mellanox/libxlio/pull/526,526,[CI] issue: HPCINFRA-4039 Multi pod tests [skip-ci],NirWolfer,2025-12-15 05:24:36,open,new_commits,1/5,"logic, runtime","Greptile caught several critical CI pipeline bugs including an undefined MODE environment variable that would cause script failures, race conditions in client/server synchronization that could lead to silent test failures, and broken error handling in parallel compilation. These issues would prevent the CI pipeline from functioning properly and cause runtime failures.",2025-12-17 10:16:36
simstudioai/sim,https://github.com/simstudioai/sim/pull/2427,2427,Add OVHcloud AI Endpoints block and add it also in Hugging Face block,eliasto,2025-12-17 11:05:45,open,new_pr,3/5,runtime,"The comment identifies a missing `input` parameter definition in the embeddings tool that would cause a runtime error when the embeddings operation is used, preventing the feature from working entirely. This is a concrete implementation bug, though the lack of actual code context reduces certainty.",2025-12-17 12:15:50
infisical/infisical,https://github.com/Infisical/infisical/pull/5065,5065,fix(global-approvals): make canAccess path normalized,x032205,2025-12-17 11:38:29,closed,new_pr,3/5,security,"Greptile identified a high-severity security vulnerability in the access control system where incomplete path normalization could allow attackers to bypass access policies. Attackers could potentially exploit this using path manipulation techniques like multiple leading slashes, path traversal sequences, or encoded characters to gain unauthorized access or escalate privileges.",2025-12-17 12:15:50
infisical/infisical,https://github.com/Infisical/infisical/pull/5064,5064,Add environment selector to move secrets modal,tanujbhaud,2025-12-17 11:22:33,open,new_pr,2/5,"security, logic","Greptile caught several critical bugs in the move secrets modal: a validation condition that always returns true due to incorrect logic (`some` with `!==`), and a security vulnerability where users can move secrets to environments where they lack write permissions because the code only checks DELETE permissions on the source but not CREATE permissions on the destination.",2025-12-17 12:15:50
nvidia/earth2studio,https://github.com/NVIDIA/earth2studio/pull/595,595,Expanding HRRR variables and tp consistencies,NickGeneva,2025-12-17 11:20:10,closed,new_pr,0/5,logic,"Greptile identified a critical indexing bug in the precipitation data processing logic where the code checks `split("":::"")[0]` instead of `split("":::"")[1]` when parsing HRRR/GFS variable formats. This prevents the unit conversion from executing, causing precipitation values to be 1000x too large and compromising the accuracy of scientific calculations.",2025-12-17 12:15:50
useautumn/autumn,https://github.com/useautumn/autumn/pull/472,472,fix: üêõ 3ds and etc IAR for one off and subscriptions,johnyeocx,2025-12-17 11:18:37,open,new_pr,1/5,logic,"Greptile caught a critical bug where async functions (`runProductCron` and `runInvoiceCron`) were passed to `Promise.all()` without being invoked (missing `()` parentheses). This causes the cron tasks to never execute, completely breaking the scheduled functionality for products and invoices.",2025-12-17 12:15:50
posthog/posthog,https://github.com/PostHog/posthog/pull/43626,43626,feat: Add exception_type to ExportedAsset for error classification,andyzzhao,2025-12-17 16:40:40,open,new_pr,,data_integrity,"Greptile caught that clearing exception fields would have no effect due to how Django's update_fields works in this codebase, which would result in stale error data persisting in the database.",2025-12-17 19:05:43
posthog/posthog,https://github.com/PostHog/posthog/pull/43628,43628,feat(capture): per operation deadlines,eli-r-ph,2025-12-17 16:53:32,open,new_pr,,concurrency,Greptile caught a critical async/concurrency bug where the PR's core feature (operation timeouts) is completely non-functional because synchronous operations wrapped in `async {}` blocks cannot be interrupted by `tokio::time::timeout`. The developer needs to use `spawn_blocking` or refactor to truly async operations.,2025-12-17 19:05:55
posthog/posthog,https://github.com/PostHog/posthog/pull/43607,43607,fix: use Redis to hold data between activities in recording export,TueHaulund,2025-12-17 12:40:33,closed,new_pr,,performance,"This catches a real resource leak issue - creating new connection pools on each call in an async context can lead to connection exhaustion in production, especially in a high-throughput system. The suggestion is specific and actionable, pointing to an existing helper that properly manages pools.",2025-12-17 19:04:19
posthog/posthog,https://github.com/PostHog/posthog/pull/43611,43611,chore(capture): instrument decompress and deserialize capture times for both modes,eli-r-ph,2025-12-17 13:10:42,closed,new_pr,,logic,"This catches a meaningful observability bug where the metric name 'decompress_seconds' is measuring the wrong operation (base64/form extraction instead of actual decompression), which would lead to misleading monitoring data and incorrect performance analysis. This shows genuine understanding of what the code does vs. what it claims to measure.",2025-12-17 19:04:19
raycast/extensions,https://github.com/raycast/extensions/pull/23567,23567,Update airpods-noise-control extension,juanra,2025-12-10 14:58:04,open,new_commits,,logic,"Greptile caught an inconsistency in disclosure triangle search direction between two AppleScript implementations (backward vs forward search), which could cause the AirPods noise control feature to fail depending on the actual UI hierarchy.",2025-12-17 19:06:06
onyx-dot-app/onyx,https://github.com/onyx-dot-app/onyx/pull/6826,6826,feat: more orchestrator stuff,yuhongsun96,2025-12-17 17:07:27,closed,new_pr,2/5,logic,"Greptile caught a logic bug where reasoning tokens and reasoning text were being incorrectly pulled from a general state container instead of from the specific ""think tool's"" arguments. This would cause the actual reasoning from the think tool to be lost and replaced with stale data, breaking the deep research feature's ability to properly track and associate reasoning with tool calls.",2025-12-17 19:04:19
onyx-dot-app/onyx,https://github.com/onyx-dot-app/onyx/pull/6822,6822,feat(tools): extend open_url to handle indexed content urls,jessicasingh7,2025-12-17 14:03:38,open,new_pr,2/5,logic,"Greptile caught a genuine indentation/scoping bug that would cause a NameError crash when the tool successfully retrieves some indexed documents but fails to crawl some web URLs, since `failure_descriptions` would be undefined in that code path.",2025-12-17 19:06:21
onyx-dot-app/onyx,https://github.com/onyx-dot-app/onyx/pull/6816,6816,fix(jira): Handle Errors better,justin-tahara,2025-12-17 12:08:03,closed,new_pr,4/5,runtime,"Greptile caught two runtime bugs in the Jira error handling code: a bare `raise` statement that would cause a RuntimeError when trying to re-raise exceptions (should be `raise e`), and code that assumes exception objects have a `text` attribute without checking, which could cause AttributeErrors that mask the original error.",2025-12-17 19:04:19
simstudioai/sim,https://github.com/simstudioai/sim/pull/2432,2432,fix(condition): used isolated vms for condition block RCE,waleedlatif1,2025-12-17 14:57:28,closed,new_pr,5/5,logic,"This is a subtle ordering bug where spreading `evalContext` after setting `context: evalContext` would silently overwrite the `context` property if the evalContext object already has a `context` key, leading to unexpected behavior in condition evaluation that would be hard to debug.",2025-12-17 19:04:19
infisical/infisical,https://github.com/Infisical/infisical/pull/5067,5067,fix(global-approvals): return grant statuses as expired when expiredAt is reached,x032205,2025-12-17 14:13:16,open,new_pr,2/5,security,"Greptile caught a critical security issue where expired access grants would continue to grant access because the expiry status change was only applied in-memory for display, not persisted to the database where authorization checks are performed.",2025-12-17 19:06:34
nvidia/fuser,https://github.com/NVIDIA/Fuser/pull/5698,5698,Minor cleanup,naoyam,2025-12-17 13:26:21,open,new_pr,3/5,logic,"Greptile caught that what appears to be a simple refactoring is actually a semantic change - the new cloneWithoutRFactor() preserves scheduling parameters that resetSchedulingParams() was explicitly clearing, which could affect how dimensions are scheduled/parallelized.",2025-12-17 19:06:41
nvidia/fuser,https://github.com/NVIDIA/Fuser/pull/5696,5696,Improve parity between nvfuser and TE's quantization to NVFP4,protonu,2025-12-17 11:27:37,open,new_commits,,runtime,"Greptile caught a PyTorch-specific bug where comparing tensors with `==` in an `if` statement doesn't work as expected since it returns a tensor rather than a boolean, requiring `.item()` for scalar comparison.",2025-12-17 19:06:47
nvidia/fuser,https://github.com/NVIDIA/Fuser/pull/5703,5703,Patching broadcast handling on BlockQuantizationOp,jjsjann123,2025-12-17 14:25:34,open,new_pr,5/5,logic,Greptile identified a subtle operator precedence bug in a test condition that would cause incorrect test skipping behavior due to `and` having higher precedence than `or`.,2025-12-17 19:06:54
nvidia-holoscan/holohub,https://github.com/nvidia-holoscan/holohub/pull/819,819,RDMA support in ANO,cliffburdick,2025-05-01 12:44:37,open,new_commits,,"concurrency, logic","Greptile identified two critical bugs in RDMA implementation: a race condition in client connection queue index assignment that could cause data corruption, and an inverted enum mapping that would cause RDMA read operations to fail with wrong memory permissions.",2025-12-17 19:07:02
browserbase/stagehand,https://github.com/browserbase/stagehand/pull/1430,1430,fix: Google CUA coordinating scaling issue,shrey150,2025-12-17 16:05:47,open,new_pr,3/5,runtime,"Greptile identified a critical type mismatch at line 611 where a Buffer is passed instead of a base64 string to captureScreenshot(), which would cause runtime failures when trying to send screenshot data to the Google API.",2025-12-17 19:07:16
synnaxlabs/synnax,https://github.com/synnaxlabs/synnax/pull/1789,1789,SY-3456: Fix channel deletion limit issue,pjdotson,2025-12-17 14:49:08,open,new_pr,,logic,Greptile caught a rollback bug in the channel creation path that could allow bypassing channel limits when TSChannel.CreateChannel() fails - a non-obvious transactional consistency issue with real-world impact.,2025-12-17 19:07:22
bstewart2255/speddy,https://github.com/bstewart2255/speddy/pull/480,480,Add user-selectable group colors for session groups,bstewart2255,2025-12-17 12:37:57,closed,new_pr,3/5,data_integrity,"Greptile identified a data integrity bug where ungrouping sessions fails to clear the `group_color` field, leaving orphaned color data that could cause visual inconsistencies when sessions are later regrouped. The issue was found across 4 different code paths, showing it's a systematic problem throughout the ungrouping flow.",2025-12-17 19:04:19
bstewart2255/speddy,https://github.com/bstewart2255/speddy/pull/478,478,Add Providers tab for Site Admins,bstewart2255,2025-12-17 12:13:57,closed,new_pr,4/5,logic,"This identifies a real logic flaw where admins with multiple school permissions would only see providers from an arbitrarily-selected first school, potentially missing important data or showing incorrect results. The bug is non-obvious because it only manifests for multi-school admins, making it easy to miss in testing.",2025-12-17 19:04:19
nvidia/numba-cuda,https://github.com/NVIDIA/numba-cuda/pull/599,599,Support python `3.14`,brandon-b-miller,2025-11-19 07:59:06,open,new_commits,3/5,logic,Greptile caught a subtle C preprocessor operator precedence bug in a version check conditional that could cause incorrect compilation behavior for non-Python 3.x versions with minor version 14.,2025-12-17 19:07:28
elephant-xyz/counties-trasform-scripts,https://github.com/elephant-xyz/Counties-trasform-scripts/pull/568,568,Update levy transform scripts,movsiienko,2025-12-17 13:33:32,open,new_pr,2/5,runtime,Greptile caught a null safety issue where calling string methods on potentially undefined values would cause runtime crashes during data validation.,2025-12-17 19:07:34
nvidia/cloudai,https://github.com/NVIDIA/cloudai/pull/756,756,AIConfigurator in CloudAI,srivatsankrishnan,2025-12-16 13:48:27,closed,new_commits,,runtime,"Division by zero is a classic runtime error that would crash the application. If total_gpus can legitimately be 0 in some configurations, this is a real bug that could cause production failures and is easy to miss during code review.",2025-12-17 19:04:19
adam-cad/cadam,https://github.com/Adam-CAD/CADAM/pull/59,59,fix: wait for auth to settle before PostHog identify,zachdive,2025-12-17 16:32:31,closed,new_pr,5/5,"data_integrity, security",Greptile caught a significant privacy/data integrity bug where removing `analytics.reset()` from the logout flow causes PostHog to retain the previous user's identity after sign out. This could result in anonymous activity being incorrectly attributed to the logged-out user and potential user data mixing between sessions.,2025-12-17 19:04:19
nvidia/matx,https://github.com/NVIDIA/MatX/pull/1104,1104,Changed cudaExecutor to be const&,cliffburdick,2025-12-17 17:55:28,open,new_pr,0/5,logic,"Greptile caught a critical compilation error where changing a struct member to a reference type would break the code in multiple ways: references can't be reassigned (used on line 131), and structs with reference members can't be used as unordered_map keys (used on line 230).",2025-12-17 19:07:40
alpaca-network/railway-grafana-stack,https://github.com/Alpaca-Network/railway-grafana-stack/pull/55,55,Feature/fastapi dashboard integration,Jay-tech456,2025-12-17 18:29:56,closed,new_pr,,logic,"Greptile caught a metric name inconsistency where dashboard queries used ""requests"" (plural) but the actual instrumentation code uses ""request"" (singular). This mismatch would cause Grafana panels to silently display no monitoring data, breaking operational visibility without throwing obvious errors.",2025-12-17 19:04:19
alpaca-network/railway-grafana-stack,https://github.com/Alpaca-Network/railway-grafana-stack/pull/53,53,Fix/dashboards and tempo,Jay-tech456,2025-12-17 17:08:12,closed,new_pr,,logic,"Greptile caught two critical deployment bugs where hardcoded localhost addresses (127.0.0.1) would break the application in Railway's distributed container environment, preventing Loki and Tempo services from being reachable by other components. Additionally, it identified an incomplete fix where a variable parsing error was only resolved in 1 location while 7 other instances of the same issue remain unfixed.",2025-12-17 19:04:19
alpaca-network/railway-grafana-stack,https://github.com/Alpaca-Network/railway-grafana-stack/pull/52,52,Applied the new grafana fastapi dashboard for proper visualization,Jay-tech456,2025-12-17 17:06:38,closed,new_pr,,logic,"Greptile caught a critical configuration bug where the new Grafana dashboard contains multiple inconsistent hardcoded datasource UIDs (like 'PBFA97CFB590B2093' and 'e4584a9f-5364-4b3d-a851-7abbc5250820') that won't match the actual Prometheus and Loki datasources in the target environment. This would cause all dashboard panels to fail to load data in production, rendering the entire dashboard non-functional.",2025-12-17 19:04:19
workos/authkit-remix,https://github.com/workos/authkit-remix/pull/84,84,Add context7.json to repo,nicknisi,2025-12-17 13:18:17,closed,new_pr,1/5,data_integrity,"Greptile caught copy-paste errors in a configuration file where URLs incorrectly referenced ""workos-ruby"" instead of ""authkit-remix"" repository. This would cause the Context7 integration to fail or associate with the wrong repository, creating a functional bug that could easily be missed during manual review.",2025-12-17 19:04:19
paid-ai/paid-python,https://github.com/paid-ai/paid-python/pull/76,76,Fern regenerate to support updated API endpoints,ataha322,2025-12-17 17:57:37,open,new_pr,3/5,runtime,Greptile caught a critical package name mismatch between version.py and pyproject.toml that would cause a runtime error (PackageNotFoundError) when users try to import the SDK.,2025-12-17 19:07:53
paid-ai/paid-node,https://github.com/paid-ai/paid-node/pull/50,50,":herb: Fern Regeneration -- December 17, 2025",fern-api[bot],2025-12-17 15:38:20,closed,new_pr,4/5,data_integrity,"This catches a significant type safety regression where a previously structured interface (with required fields like agentAttributeName, quantity, pricing) was replaced with `unknown`, which would allow any value to pass type checking and could lead to runtime errors or data corruption. Auto-generated code changes like this are easy to miss in review.",2025-12-17 19:04:19
paid-ai/paid-node,https://github.com/paid-ai/paid-node/pull/49,49,bring back CI tests,ataha322,2025-12-17 15:28:32,closed,new_pr,3/5,logic,"Greptile identified a CI/CD pipeline configuration bug where re-enabling tests won't actually prevent broken code from being published to npm. The publish job lacks a dependency on the test results, meaning it will run regardless of whether tests pass or fail, potentially shipping buggy packages to production.",2025-12-17 19:04:19
davis7dotsh/better-context,https://github.com/davis7dotsh/better-context/pull/24,24,Added in a better list of default models,bmdavis419,2025-12-17 16:02:23,closed,new_pr,,concurrency,"This is a valid catch - process.chdir() mutates global state and could cause race conditions if multiple concurrent operations try to use different working directories. The code context shows 'maxInstances = 5' suggesting multiple instances may run, making this a real concurrency bug that could cause operations to execute in wrong directories.",2025-12-17 19:04:19
reductoai/pypdfform-reducto,https://github.com/reductoai/PyPDFForm-reducto/pull/7,7,add watermark truncate,alvin-r,2025-12-17 16:25:41,closed,new_pr,4/5,"data_integrity, logic","Greptile caught a data integrity bug where BytesIO buffers were being reused in loops without proper clearing (missing `truncate(0)` before `seek(0)`). This causes data accumulation and corruption when new content is shorter than previous iterations, and Greptile proactively identified the same pattern in another file not part of the PR.",2025-12-17 19:04:19
posthog/posthog,https://github.com/PostHog/posthog/pull/43635,43635,perf(flags): Optimize hypercache verification with batch Redis reads,haacked,2025-12-17 19:36:41,open,new_pr,,runtime,"Greptile caught a missing error handler for a new Redis batch operation that could crash the verification process if Redis fails, while the adjacent database batch load operation already has proper fallback handling.",2025-12-17 20:22:33
onyx-dot-app/onyx,https://github.com/onyx-dot-app/onyx/pull/6832,6832,fix: LLM can hallucinate tool calls,yuhongsun96,2025-12-17 19:44:38,closed,new_pr,1/5,runtime,"Greptile caught a runtime crash bug where the code would fail with an AttributeError when trying to access `.tool_call` on `None` values in the `tool_responses` list. This occurs when `allow_failures=True` causes failed tool executions to return `None`, but the downstream code assumes all values in the list are valid tool response objects.",2025-12-17 20:21:28
onyx-dot-app/onyx,https://github.com/onyx-dot-app/onyx/pull/6829,6829,feat(github): App Tokens,justin-tahara,2025-12-17 18:36:50,open,new_pr,4/5,logic,"Greptile caught a logic bug where partial GitHub App credentials would silently fail with a generic error instead of a specific validation message, making it hard for users to understand what's missing.",2025-12-17 20:22:39
onyx-dot-app/onyx,https://github.com/onyx-dot-app/onyx/pull/6830,6830,feat: add auto LLM model updates from GitHub config,Weves,2025-12-17 18:36:52,open,new_pr,2/5,"logic, concurrency, data_integrity","Greptile caught several production-impacting bugs: race conditions from global state in multi-worker Celery deployments, missing validation that could set defaults to non-existent models causing runtime errors, and a failure mode where enabling auto mode could leave providers with no models if the initial sync fails.",2025-12-17 20:22:48
simstudioai/sim,https://github.com/simstudioai/sim/pull/2441,2441,fix(oauth): updated oauth providers that had unstable reference IDs leading to duplicate oauth records,waleedlatif1,2025-12-17 19:40:02,closed,new_pr,1/5,data_integrity,"Greptile caught that this PR, while intending to fix duplicate OAuth records by using stable IDs, actually introduces critical data collision bugs where multiple users will share the same credential records for Wealthbox (always) and Webflow (when user_id is missing).",2025-12-17 20:23:02
eventual-inc/daft,https://github.com/Eventual-Inc/Daft/pull/5839,5839,feat: add unity oauth m2m access token support,cckellogg,2025-12-17 19:58:20,open,new_commits,,"logic, runtime","Greptile caught real logic bugs around parameter validation - specifically that neither auth method being provided would send 'Bearer None', and that both methods being provided would silently prefer one over the other. These were addressed by the author in subsequent commits.",2025-12-17 22:12:50
getarcaneapp/arcane,https://github.com/getarcaneapp/arcane/pull/1123,1123,refactor: switch from code-mirror to monaco editor,kmendell,2025-12-11 21:15:28,closed,new_commits,,"runtime, performance, logic","Greptile caught several critical issues in this Monaco editor migration: **memory leaks** from undisposed editor models that accumulate over time, **broken theme switching** due to improper Svelte reactivity tracking, and **production crashes** from syntax highlighting dependencies incorrectly placed in devDependencies instead of runtime dependencies.",2025-12-17 20:21:28
flyx-ai/heimdall,https://github.com/flyx-ai/heimdall/pull/97,97,feat: add gemini-3-flash-preview,JazzJackrabbit,2025-12-17 19:01:25,closed,new_pr,4/5,logic,"Greptile caught a completeness bug where the new `gemini-3-flash-preview` model constant was defined but not added to the `GetAll()` function, meaning users wouldn't be able to discover or access the model despite it being implemented. This cross-file consistency issue would have made the feature partially broken in production.",2025-12-17 20:21:28
alpaca-network/railway-grafana-stack,https://github.com/Alpaca-Network/railway-grafana-stack/pull/57,57,fix: update FastAPI Dashboard queries to match actual metrics,Jay-tech456,2025-12-17 19:05:46,closed,new_pr,,logic,"Greptile identified metric name mismatches between the Grafana dashboard queries and the actual metrics exported by the FastAPI backend, which would cause dashboard panels to show no data in production. Additionally, it caught a percentage calculation error where multiplying by 100 with Grafana's `percentunit` would display wildly incorrect values (e.g., 5000% instead of 50%).",2025-12-17 20:21:28
alpaca-network/railway-grafana-stack,https://github.com/Alpaca-Network/railway-grafana-stack/pull/56,56,Feature/fastapi dashboard integration,Jay-tech456,2025-12-17 18:42:55,closed,new_pr,,security,Hardcoded API keys in documentation committed to version control is a serious security vulnerability that could allow unauthorized access to admin endpoints. This is a real security issue that could easily be missed during review of documentation files.,2025-12-17 20:21:28
davis7dotsh/r8y,https://github.com/davis7dotsh/r8y/pull/5,5,remote functions are back lol,bmdavis419,2025-12-17 18:47:54,closed,new_pr,,"logic, runtime","Greptile caught two significant bugs: a Svelte lifecycle issue where `onMount` is incorrectly called in a class constructor (causing authentication checks to fail and leaving the loading state stuck), and a logic error where the code checks for a non-existent `success` field, preventing successful login navigation to the '/app' route.",2025-12-17 20:21:28
posthog/posthog,https://github.com/PostHog/posthog/pull/43636,43636,fix(experiments): ship variant modal breaks on web experiments,rodrigoi,2025-12-17 20:29:01,open,new_pr,,runtime,"Greptile caught an incomplete fix where optional chaining was added inconsistently, leaving one array access that could still cause a runtime crash when feature_flag_variants is undefined or too short.",2025-12-17 22:12:42
onyx-dot-app/onyx,https://github.com/onyx-dot-app/onyx/pull/6833,6833,fix: reasoning with 5 series,yuhongsun96,2025-12-17 20:15:25,closed,new_pr,3/5,logic,"This catches a real behavioral inconsistency where OpenAI reasoning models will unexpectedly always use reasoning mode (defaulting to 'medium') even when the caller didn't request it, while Claude models won't. This could cause unexpected API costs and behavior differences between model providers.",2025-12-17 22:11:43
alpaca-network/gatewayz-backend,https://github.com/Alpaca-Network/gatewayz-backend/pull/646,646,refactor: add in-memory caches for usage and trial; UTC updates in tests,vdimarco,2025-12-17 20:36:56,closed,new_pr,,runtime,"Greptile caught a runtime error where the `timezone` import was removed from multiple test files, but the code still uses `timezone.utc` throughout those files. This would cause NameError crashes when running the tests, making them fail immediately.",2025-12-17 22:11:43
